"Source Url","Url","Column 4","Country","Us$"
"#SourceUrl:https://en.wikipedia.org/wiki/List_of_countries_by_GDP_(nominal)_per_capita","#Url:https://en.wikipedia.org/wiki/Monaco","#Rank:1","#Country:Monaco","#Us$:173,377"
"#SourceUrl:https://en.wikipedia.org/wiki/List_of_countries_by_GDP_(nominal)_per_capita","#Url:https://en.wikipedia.org/wiki/Liechtenstein","#Rank:2","#Country:Liechtenstein","#Us$:152,933"
"#SourceUrl:https://en.wikipedia.org/wiki/List_of_countries_by_GDP_(nominal)_per_capita","#Url:https://en.wikipedia.org/wiki/Luxembourg","#Rank:3","#Country:Luxembourg","#Us$:113,373"
"#SourceUrl:https://en.wikipedia.org/wiki/List_of_countries_by_GDP_(nominal)_per_capita","#Url:https://en.wikipedia.org/wiki/Norway","#Rank:4","#Country:Norway","#Us$:103,586"
"#SourceUrl:https://en.wikipedia.org/wiki/List_of_countries_by_GDP_(nominal)_per_capita","#Url:https://en.wikipedia.org/wiki/Qatar","#Rank:5","#Country:Qatar","#Us$:93,352"
"#SourceUrl:https://en.wikipedia.org/wiki/List_of_countries_by_GDP_(nominal)_per_capita","#Url:https://en.wikipedia.org/wiki/Macau","#Rank:—","#Country:Macau","#Us$:91,377"
"#SourceUrl:https://en.wikipedia.org/wiki/List_of_countries_by_GDP_(nominal)_per_capita","#Url:https://en.wikipedia.org/wiki/Bermuda","#Rank:—","#Country:Bermuda","#Us$:85,302"
"#SourceUrl:https://en.wikipedia.org/wiki/List_of_countries_by_GDP_(nominal)_per_capita","#Url:https://en.wikipedia.org/wiki/Switzerland","#Rank:6","#Country:Switzerland","#Us$:84,854"
"#SourceUrl:https://en.wikipedia.org/wiki/List_of_countries_by_GDP_(nominal)_per_capita","#Url:https://en.wikipedia.org/wiki/Australia","#Rank:7","#Country:Australia","#Us$:65,600"
"#SourceUrl:https://en.wikipedia.org/wiki/List_of_countries_by_GDP_(nominal)_per_capita","#Url:https://en.wikipedia.org/wiki/Sweden","#Rank:8","#Country:Sweden","#Us$:60,566"
"#SourceUrl:https://en.wikipedia.org/wiki/List_of_countries_by_GDP_(nominal)_per_capita","#Url:https://en.wikipedia.org/wiki/Denmark","#Rank:9","#Country:Denmark","#Us$:59,921"
"#SourceUrl:https://en.wikipedia.org/wiki/List_of_countries_by_GDP_(nominal)_per_capita","#Url:https://en.wikipedia.org/wiki/Cayman_Islands","#Rank:—","#Country:Cayman Islands","#Us$:59,448"
"#SourceUrl:https://en.wikipedia.org/wiki/List_of_countries_by_GDP_(nominal)_per_capita","#Url:https://en.wikipedia.org/wiki/San_Marino","#Rank:10","#Country:San Marino","#Us$:57,293"
"#SourceUrl:https://en.wikipedia.org/wiki/List_of_countries_by_GDP_(nominal)_per_capita","#Url:https://en.wikipedia.org/wiki/Singapore","#Rank:11","#Country:Singapore","#Us$:54,649"
"#SourceUrl:https://en.wikipedia.org/wiki/List_of_countries_by_GDP_(nominal)_per_capita","#Url:https://en.wikipedia.org/wiki/United_States","#Rank:12","#Country:United States","#Us$:52,392"
"#SourceUrl:https://en.wikipedia.org/wiki/List_of_countries_by_GDP_(nominal)_per_capita","#Url:https://en.wikipedia.org/wiki/Canada","#Rank:13","#Country:Canada","#Us$:52,270"
"#SourceUrl:https://en.wikipedia.org/wiki/List_of_countries_by_GDP_(nominal)_per_capita","#Url:https://en.wikipedia.org/wiki/Kuwait","#Rank:14","#Country:Kuwait","#Us$:52,198"
"#SourceUrl:https://en.wikipedia.org/wiki/List_of_countries_by_GDP_(nominal)_per_capita","#Url:https://en.wikipedia.org/wiki/Netherlands","#Rank:15","#Country:Netherlands","#Us$:50,930"
"#SourceUrl:https://en.wikipedia.org/wiki/List_of_countries_by_GDP_(nominal)_per_capita","#Url:https://en.wikipedia.org/wiki/Austria","#Rank:16","#Country:Austria","#Us$:50,420"
"#SourceUrl:https://en.wikipedia.org/wiki/List_of_countries_by_GDP_(nominal)_per_capita","#Url:https://en.wikipedia.org/wiki/Republic_of_Ireland","#Rank:17","#Country:Ireland","#Us$:50,155"
"#SourceUrl:https://en.wikipedia.org/wiki/List_of_countries_by_GDP_(nominal)_per_capita","#Url:https://en.wikipedia.org/wiki/Finland","#Rank:18","#Country:Finland","#Us$:49,265"
"#SourceUrl:https://en.wikipedia.org/wiki/List_of_countries_by_GDP_(nominal)_per_capita","#Url:https://en.wikipedia.org/wiki/Belgium","#Rank:19","#Country:Belgium","#Us$:47,261"
"#SourceUrl:https://en.wikipedia.org/wiki/List_of_countries_by_GDP_(nominal)_per_capita","#Url:https://en.wikipedia.org/wiki/Iceland","#Rank:20","#Country:Iceland","#Us$:46,520"
"#SourceUrl:https://en.wikipedia.org/wiki/List_of_countries_by_GDP_(nominal)_per_capita","#Url:https://en.wikipedia.org/wiki/Germany","#Rank:21","#Country:Germany","#Us$:45,091"
"#SourceUrl:https://en.wikipedia.org/wiki/List_of_countries_by_GDP_(nominal)_per_capita","#Url:https://en.wikipedia.org/wiki/United_Arab_Emirates","#Rank:22","#Country:United Arab Emirates","#Us$:43,049"
"#SourceUrl:https://en.wikipedia.org/wiki/List_of_countries_by_GDP_(nominal)_per_capita","#Url:https://en.wikipedia.org/wiki/Greenland","#Rank:—","#Country:Greenland","#Us$:42,437"
"#SourceUrl:https://en.wikipedia.org/wiki/List_of_countries_by_GDP_(nominal)_per_capita","#Url:https://en.wikipedia.org/wiki/United_Kingdom","#Rank:23","#Country:United Kingdom","#Us$:42,423"
"#SourceUrl:https://en.wikipedia.org/wiki/List_of_countries_by_GDP_(nominal)_per_capita","#Url:https://en.wikipedia.org/wiki/France","#Rank:24","#Country:France","#Us$:42,339"
"#SourceUrl:https://en.wikipedia.org/wiki/List_of_countries_by_GDP_(nominal)_per_capita","#Url:https://en.wikipedia.org/wiki/New_Zealand","#Rank:25","#Country:New Zealand","#Us$:41,952"
"#SourceUrl:https://en.wikipedia.org/wiki/List_of_countries_by_GDP_(nominal)_per_capita","#Url:https://en.wikipedia.org/wiki/Andorra","#Rank:26","#Country:Andorra","#Us$:41,015"
"#SourceUrl:https://en.wikipedia.org/wiki/List_of_countries_by_GDP_(nominal)_per_capita","#Url:https://en.wikipedia.org/wiki/Brunei","#Rank:27","#Country:Brunei","#Us$:38,563"
"#SourceUrl:https://en.wikipedia.org/wiki/List_of_countries_by_GDP_(nominal)_per_capita","#Url:https://en.wikipedia.org/wiki/Japan","#Rank:28","#Country:Japan","#Us$:38,528"
"#SourceUrl:https://en.wikipedia.org/wiki/List_of_countries_by_GDP_(nominal)_per_capita","#Url:https://en.wikipedia.org/wiki/Hong_Kong","#Rank:—","#Country:Hong Kong","#Us$:38,039"
"#SourceUrl:https://en.wikipedia.org/wiki/List_of_countries_by_GDP_(nominal)_per_capita","#Url:https://en.wikipedia.org/wiki/New_Caledonia","#Rank:—","#Country:New Caledonia","#Us$:37,862"
"#SourceUrl:https://en.wikipedia.org/wiki/List_of_countries_by_GDP_(nominal)_per_capita","#Url:https://en.wikipedia.org/wiki/Israel","#Rank:29","#Country:Israel","#Us$:37,704"
"#SourceUrl:https://en.wikipedia.org/wiki/List_of_countries_by_GDP_(nominal)_per_capita","#Url:https://en.wikipedia.org/wiki/Italy","#Rank:30","#Country:Italy","#Us$:35,243"
"#SourceUrl:https://en.wikipedia.org/wiki/List_of_countries_by_GDP_(nominal)_per_capita","#Url:https://en.wikipedia.org/wiki/European_Union","#Rank:—","#Country:European Union","#Us$:32,507"
"#SourceUrl:https://en.wikipedia.org/wiki/List_of_countries_by_GDP_(nominal)_per_capita","#Url:https://en.wikipedia.org/wiki/British_Virgin_Islands","#Rank:—","#Country:Virgin Islands, British","#Us$:32,307"
"#SourceUrl:https://en.wikipedia.org/wiki/List_of_countries_by_GDP_(nominal)_per_capita","#Url:https://en.wikipedia.org/wiki/Spain","#Rank:31","#Country:Spain","#Us$:29,685"
"#SourceUrl:https://en.wikipedia.org/wiki/List_of_countries_by_GDP_(nominal)_per_capita","#Url:https://en.wikipedia.org/wiki/Puerto_Rico","#Rank:—","#Country:Puerto Rico","#Us$:28,509"
"#SourceUrl:https://en.wikipedia.org/wiki/List_of_countries_by_GDP_(nominal)_per_capita","#Url:https://en.wikipedia.org/wiki/Cyprus","#Rank:32","#Country:Cyprus","#Us$:27,662"
"#SourceUrl:https://en.wikipedia.org/wiki/List_of_countries_by_GDP_(nominal)_per_capita","#Url:https://en.wikipedia.org/wiki/South_Korea","#Rank:33","#Country:Korea, South","#Us$:26,482"
"#SourceUrl:https://en.wikipedia.org/wiki/List_of_countries_by_GDP_(nominal)_per_capita","#Url:https://en.wikipedia.org/wiki/Saudi_Arabia","#Rank:34","#Country:Saudi Arabia","#Us$:25,962"
"#SourceUrl:https://en.wikipedia.org/wiki/List_of_countries_by_GDP_(nominal)_per_capita","#Url:https://en.wikipedia.org/wiki/Aruba","#Rank:—","#Country:Aruba","#Us$:25,156"
"#SourceUrl:https://en.wikipedia.org/wiki/List_of_countries_by_GDP_(nominal)_per_capita","#Url:https://en.wikipedia.org/wiki/Bahrain","#Rank:35","#Country:Bahrain","#Us$:24,695"
"#SourceUrl:https://en.wikipedia.org/wiki/List_of_countries_by_GDP_(nominal)_per_capita","#Url:https://en.wikipedia.org/wiki/Equatorial_Guinea","#Rank:36","#Country:Equatorial Guinea","#Us$:24,480"
"#SourceUrl:https://en.wikipedia.org/wiki/List_of_countries_by_GDP_(nominal)_per_capita","#Url:https://en.wikipedia.org/wiki/Malta","#Rank:37","#Country:Malta","#Us$:22,243"
"#SourceUrl:https://en.wikipedia.org/wiki/List_of_countries_by_GDP_(nominal)_per_capita","#Url:https://en.wikipedia.org/wiki/French_Polynesia","#Rank:—","#Country:French Polynesia","#Us$:23,162"
"#SourceUrl:https://en.wikipedia.org/wiki/List_of_countries_by_GDP_(nominal)_per_capita","#Url:https://en.wikipedia.org/wiki/Slovenia","#Rank:38","#Country:Slovenia","#Us$:23,161"
"#SourceUrl:https://en.wikipedia.org/wiki/List_of_countries_by_GDP_(nominal)_per_capita","#Url:https://en.wikipedia.org/wiki/The_Bahamas","#Rank:39","#Country:Bahamas","#Us$:22,313"
"#SourceUrl:https://en.wikipedia.org/wiki/List_of_countries_by_GDP_(nominal)_per_capita","#Url:https://en.wikipedia.org/wiki/Oman","#Rank:40","#Country:Oman","#Us$:21,929"
"#SourceUrl:https://en.wikipedia.org/wiki/List_of_countries_by_GDP_(nominal)_per_capita","#Url:https://en.wikipedia.org/wiki/Greece","#Rank:41","#Country:Greece","#Us$:21,768"
"#SourceUrl:https://en.wikipedia.org/wiki/List_of_countries_by_GDP_(nominal)_per_capita","#Url:https://en.wikipedia.org/wiki/Portugal","#Rank:42","#Country:Portugal","#Us$:21,429"
"#SourceUrl:https://en.wikipedia.org/wiki/List_of_countries_by_GDP_(nominal)_per_capita","#Url:https://en.wikipedia.org/wiki/Turks_and_Caicos_Islands","#Rank:—","#Country:Turks and Caicos Islands","#Us$:21,338"
"#SourceUrl:https://en.wikipedia.org/wiki/List_of_countries_by_GDP_(nominal)_per_capita","#Url:https://en.wikipedia.org/wiki/Anguilla","#Rank:—","#Country:Anguilla","#Us$:19,886"
"#SourceUrl:https://en.wikipedia.org/wiki/List_of_countries_by_GDP_(nominal)_per_capita","#Url:https://en.wikipedia.org/wiki/Czech_Republic","#Rank:43","#Country:Czech Republic","#Us$:19,510"
"#SourceUrl:https://en.wikipedia.org/wiki/List_of_countries_by_GDP_(nominal)_per_capita","#Url:https://en.wikipedia.org/wiki/Estonia","#Rank:44","#Country:Estonia","#Us$:19,328"
"#SourceUrl:https://en.wikipedia.org/wiki/List_of_countries_by_GDP_(nominal)_per_capita","#Url:https://en.wikipedia.org/wiki/Netherlands_Antilles","#Rank:—","#Country:Netherlands Antilles","#Us$:18,360"
"#SourceUrl:https://en.wikipedia.org/wiki/List_of_countries_by_GDP_(nominal)_per_capita","#Url:https://en.wikipedia.org/wiki/Trinidad_and_Tobago","#Rank:45","#Country:Trinidad and Tobago","#Us$:18,240"
"#SourceUrl:https://en.wikipedia.org/wiki/List_of_countries_by_GDP_(nominal)_per_capita","#Url:https://en.wikipedia.org/wiki/Slovakia","#Rank:46","#Country:Slovakia","#Us$:17,928"
"#SourceUrl:https://en.wikipedia.org/wiki/List_of_countries_by_GDP_(nominal)_per_capita","#Url:https://en.wikipedia.org/wiki/Uruguay","#Rank:47","#Country:Uruguay","#Us$:16,351"
"#SourceUrl:https://en.wikipedia.org/wiki/List_of_countries_by_GDP_(nominal)_per_capita","#Url:https://en.wikipedia.org/wiki/Cook_Islands","#Rank:—","#Country:Cook Islands","#Us$:16,002"
"#SourceUrl:https://en.wikipedia.org/wiki/List_of_countries_by_GDP_(nominal)_per_capita","#Url:https://en.wikipedia.org/wiki/Chile","#Rank:48","#Country:Chile","#Us$:15,723"
"#SourceUrl:https://en.wikipedia.org/wiki/List_of_countries_by_GDP_(nominal)_per_capita","#Url:https://en.wikipedia.org/wiki/Seychelles","#Rank:49","#Country:Seychelles","#Us$:15,565"
"#SourceUrl:https://en.wikipedia.org/wiki/List_of_countries_by_GDP_(nominal)_per_capita","#Url:https://en.wikipedia.org/wiki/Lithuania","#Rank:50","#Country:Lithuania","#Us$:15,381"
"#SourceUrl:https://en.wikipedia.org/wiki/List_of_countries_by_GDP_(nominal)_per_capita","#Url:https://en.wikipedia.org/wiki/Nauru","#Rank:51","#Country:Nauru","#Us$:15,211"
"#SourceUrl:https://en.wikipedia.org/wiki/List_of_countries_by_GDP_(nominal)_per_capita","#Url:https://en.wikipedia.org/wiki/Latvia","#Rank:52","#Country:Latvia","#Us$:15,064"
"#SourceUrl:https://en.wikipedia.org/wiki/List_of_countries_by_GDP_(nominal)_per_capita","#Url:https://en.wikipedia.org/wiki/Barbados","#Rank:53","#Country:Barbados","#Us$:14,854"
"#SourceUrl:https://en.wikipedia.org/wiki/List_of_countries_by_GDP_(nominal)_per_capita","#Url:https://en.wikipedia.org/wiki/Argentina","#Rank:54","#Country:Argentina","#Us$:14,760"
"#SourceUrl:https://en.wikipedia.org/wiki/List_of_countries_by_GDP_(nominal)_per_capita","#Url:https://en.wikipedia.org/wiki/Russia","#Rank:55","#Country:Russia","#Us$:14,680"
"#SourceUrl:https://en.wikipedia.org/wiki/List_of_countries_by_GDP_(nominal)_per_capita","#Url:https://en.wikipedia.org/wiki/Antigua_and_Barbuda","#Rank:56","#Country:Antigua and Barbuda","#Us$:13,790"
"#SourceUrl:https://en.wikipedia.org/wiki/List_of_countries_by_GDP_(nominal)_per_capita","#Url:https://en.wikipedia.org/wiki/Poland","#Rank:57","#Country:Poland","#Us$:13,760"
"#SourceUrl:https://en.wikipedia.org/wiki/List_of_countries_by_GDP_(nominal)_per_capita","#Url:https://en.wikipedia.org/wiki/Saint_Kitts_and_Nevis","#Rank:58","#Country:Saint Kitts and Nevis","#Us$:13,710"
"#SourceUrl:https://en.wikipedia.org/wiki/List_of_countries_by_GDP_(nominal)_per_capita","#Url:https://en.wikipedia.org/wiki/Kazakhstan","#Rank:59","#Country:Kazakhstan","#Us$:13,650"
"#SourceUrl:https://en.wikipedia.org/wiki/List_of_countries_by_GDP_(nominal)_per_capita","#Url:https://en.wikipedia.org/wiki/Croatia","#Rank:60","#Country:Croatia","#Us$:13,490"
"#SourceUrl:https://en.wikipedia.org/wiki/List_of_countries_by_GDP_(nominal)_per_capita","#Url:https://en.wikipedia.org/wiki/Hungary","#Rank:61","#Country:Hungary","#Us$:13,403"
"#SourceUrl:https://en.wikipedia.org/wiki/List_of_countries_by_GDP_(nominal)_per_capita","#Url:https://en.wikipedia.org/wiki/Venezuela","#Rank:62","#Country:Venezuela","#Us$:12,213"
"#SourceUrl:https://en.wikipedia.org/wiki/List_of_countries_by_GDP_(nominal)_per_capita","#Url:https://en.wikipedia.org/wiki/Libya","#Rank:63","#Country:Libya","#Us$:12,029"
"#SourceUrl:https://en.wikipedia.org/wiki/List_of_countries_by_GDP_(nominal)_per_capita","#Url:https://en.wikipedia.org/wiki/Montserrat","#Rank:—","#Country:Montserrat","#Us$:11,565"
"#SourceUrl:https://en.wikipedia.org/wiki/List_of_countries_by_GDP_(nominal)_per_capita","#Url:https://en.wikipedia.org/wiki/Palau","#Rank:64","#Country:Palau","#Us$:11,480"
"#SourceUrl:https://en.wikipedia.org/wiki/List_of_countries_by_GDP_(nominal)_per_capita","#Url:https://en.wikipedia.org/wiki/Brazil","#Rank:65","#Country:Brazil","#Us$:11,199"
"#SourceUrl:https://en.wikipedia.org/wiki/List_of_countries_by_GDP_(nominal)_per_capita","#Url:https://en.wikipedia.org/wiki/Turkey","#Rank:66","#Country:Turkey","#Us$:10,972"
"#SourceUrl:https://en.wikipedia.org/wiki/List_of_countries_by_GDP_(nominal)_per_capita","#Url:https://en.wikipedia.org/wiki/World","#Rank:—","#Country:World","#Us$:10,564"
"#SourceUrl:https://en.wikipedia.org/wiki/List_of_countries_by_GDP_(nominal)_per_capita","#Url:https://en.wikipedia.org/wiki/Malaysia","#Rank:67","#Country:Malaysia","#Us$:10,514"
"#SourceUrl:https://en.wikipedia.org/wiki/List_of_countries_by_GDP_(nominal)_per_capita","#Url:https://en.wikipedia.org/wiki/Panama","#Rank:68","#Country:Panama","#Us$:10,472"
"#SourceUrl:https://en.wikipedia.org/wiki/List_of_countries_by_GDP_(nominal)_per_capita","#Url:https://en.wikipedia.org/wiki/Mexico","#Rank:69","#Country:Mexico","#Us$:10,293"
"#SourceUrl:https://en.wikipedia.org/wiki/List_of_countries_by_GDP_(nominal)_per_capita","#Url:https://en.wikipedia.org/wiki/Costa_Rica","#Rank:70","#Country:Costa Rica","#Us$:10,185"
"#SourceUrl:https://en.wikipedia.org/wiki/List_of_countries_by_GDP_(nominal)_per_capita","#Url:https://en.wikipedia.org/wiki/Gabon","#Rank:71","#Country:Gabon","#Us$:10,151"
"#SourceUrl:https://en.wikipedia.org/wiki/List_of_countries_by_GDP_(nominal)_per_capita","#Url:https://en.wikipedia.org/wiki/Suriname","#Rank:72","#Country:Suriname","#Us$:9,826"
"#SourceUrl:https://en.wikipedia.org/wiki/List_of_countries_by_GDP_(nominal)_per_capita","#Url:https://en.wikipedia.org/wiki/Lebanon","#Rank:73","#Country:Lebanon","#Us$:9,793"
"#SourceUrl:https://en.wikipedia.org/wiki/List_of_countries_by_GDP_(nominal)_per_capita","#Url:https://en.wikipedia.org/wiki/Mauritius","#Rank:74","#Country:Mauritius","#Us$:9,593"
"#SourceUrl:https://en.wikipedia.org/wiki/List_of_countries_by_GDP_(nominal)_per_capita","#Url:https://en.wikipedia.org/wiki/Romania","#Rank:75","#Country:Romania","#Us$:8,853"
"#SourceUrl:https://en.wikipedia.org/wiki/List_of_countries_by_GDP_(nominal)_per_capita","#Url:https://en.wikipedia.org/wiki/Maldives","#Rank:76","#Country:Maldives","#Us$:8,220"
"#SourceUrl:https://en.wikipedia.org/wiki/List_of_countries_by_GDP_(nominal)_per_capita","#Url:https://en.wikipedia.org/wiki/Turkmenistan","#Rank:77","#Country:Turkmenistan","#Us$:7,987"
"#SourceUrl:https://en.wikipedia.org/wiki/List_of_countries_by_GDP_(nominal)_per_capita","#Url:https://en.wikipedia.org/wiki/Grenada","#Rank:78","#Country:Grenada","#Us$:7,843"
"#SourceUrl:https://en.wikipedia.org/wiki/List_of_countries_by_GDP_(nominal)_per_capita","#Url:https://en.wikipedia.org/wiki/Colombia","#Rank:79","#Country:Colombia","#Us$:7,826"
"#SourceUrl:https://en.wikipedia.org/wiki/List_of_countries_by_GDP_(nominal)_per_capita","#Url:https://en.wikipedia.org/wiki/Azerbaijan","#Rank:80","#Country:Azerbaijan","#Us$:7,814"
"#SourceUrl:https://en.wikipedia.org/wiki/List_of_countries_by_GDP_(nominal)_per_capita","#Url:https://en.wikipedia.org/wiki/Belarus","#Rank:81","#Country:Belarus","#Us$:7,664"
"#SourceUrl:https://en.wikipedia.org/wiki/List_of_countries_by_GDP_(nominal)_per_capita","#Url:https://en.wikipedia.org/wiki/Bulgaria","#Rank:82","#Country:Bulgaria","#Us$:7,543"
"#SourceUrl:https://en.wikipedia.org/wiki/List_of_countries_by_GDP_(nominal)_per_capita","#Url:https://en.wikipedia.org/wiki/Saint_Lucia","#Rank:83","#Country:Saint Lucia","#Us$:7,328"
"#SourceUrl:https://en.wikipedia.org/wiki/List_of_countries_by_GDP_(nominal)_per_capita","#Url:https://en.wikipedia.org/wiki/Botswana","#Rank:84","#Country:Botswana","#Us$:7,312"
"#SourceUrl:https://en.wikipedia.org/wiki/List_of_countries_by_GDP_(nominal)_per_capita","#Url:https://en.wikipedia.org/wiki/Montenegro","#Rank:85","#Country:Montenegro","#Us$:7,109"
"#SourceUrl:https://en.wikipedia.org/wiki/List_of_countries_by_GDP_(nominal)_per_capita","#Url:https://en.wikipedia.org/wiki/Cuba","#Rank:86","#Country:Cuba","#Us$:6,985"
"#SourceUrl:https://en.wikipedia.org/wiki/List_of_countries_by_GDP_(nominal)_per_capita","#Url:https://en.wikipedia.org/wiki/South_Africa","#Rank:87","#Country:South Africa","#Us$:6,936"
"#SourceUrl:https://en.wikipedia.org/wiki/List_of_countries_by_GDP_(nominal)_per_capita","#Url:https://en.wikipedia.org/wiki/Dominica","#Rank:88","#Country:Dominica","#Us$:6,915"
"#SourceUrl:https://en.wikipedia.org/wiki/List_of_countries_by_GDP_(nominal)_per_capita","#Url:https://en.wikipedia.org/wiki/China","#Rank:89","#Country:China","#Us$:6,626"
"#SourceUrl:https://en.wikipedia.org/wiki/List_of_countries_by_GDP_(nominal)_per_capita","#Url:https://en.wikipedia.org/wiki/Peru","#Rank:90","#Country:Peru","#Us$:6,593"
"#SourceUrl:https://en.wikipedia.org/wiki/List_of_countries_by_GDP_(nominal)_per_capita","#Url:https://en.wikipedia.org/wiki/Saint_Vincent_and_the_Grenadines","#Rank:91","#Country:Saint Vincent and the Grenadines","#Us$:6,484"
"#SourceUrl:https://en.wikipedia.org/wiki/List_of_countries_by_GDP_(nominal)_per_capita","#Url:https://en.wikipedia.org/wiki/Iran","#Rank:92","#Country:Iran","#Us$:6,363"
"#SourceUrl:https://en.wikipedia.org/wiki/List_of_countries_by_GDP_(nominal)_per_capita","#Url:https://en.wikipedia.org/wiki/Serbia","#Rank:93","#Country:Serbia","#Us$:6,313"
"#SourceUrl:https://en.wikipedia.org/wiki/List_of_countries_by_GDP_(nominal)_per_capita","#Url:https://en.wikipedia.org/wiki/Thailand","#Rank:94","#Country:Thailand","#Us$:6,270"
"#SourceUrl:https://en.wikipedia.org/wiki/List_of_countries_by_GDP_(nominal)_per_capita","#Url:https://en.wikipedia.org/wiki/Ecuador","#Rank:95","#Country:Ecuador","#Us$:6,003"
"#SourceUrl:https://en.wikipedia.org/wiki/List_of_countries_by_GDP_(nominal)_per_capita","#Url:https://en.wikipedia.org/wiki/Dominican_Republic","#Rank:96","#Country:Dominican Republic","#Us$:5,826"
"#SourceUrl:https://en.wikipedia.org/wiki/List_of_countries_by_GDP_(nominal)_per_capita","#Url:https://en.wikipedia.org/wiki/Iraq","#Rank:97","#Country:Iraq","#Us$:5,790"
"#SourceUrl:https://en.wikipedia.org/wiki/List_of_countries_by_GDP_(nominal)_per_capita","#Url:https://en.wikipedia.org/wiki/Angola","#Rank:98","#Country:Angola","#Us$:5,668"
"#SourceUrl:https://en.wikipedia.org/wiki/List_of_countries_by_GDP_(nominal)_per_capita","#Url:https://en.wikipedia.org/wiki/Namibia","#Rank:99","#Country:Namibia","#Us$:5,462"
"#SourceUrl:https://en.wikipedia.org/wiki/List_of_countries_by_GDP_(nominal)_per_capita","#Url:https://en.wikipedia.org/wiki/Algeria","#Rank:100","#Country:Algeria","#Us$:5,325"
"#SourceUrl:https://en.wikipedia.org/wiki/List_of_countries_by_GDP_(nominal)_per_capita","#Url:https://en.wikipedia.org/wiki/Jamaica","#Rank:101","#Country:Jamaica","#Us$:5,126"
"#SourceUrl:https://en.wikipedia.org/wiki/List_of_countries_by_GDP_(nominal)_per_capita","#Url:https://en.wikipedia.org/wiki/Republic_of_Macedonia","#Rank:102","#Country:Macedonia, Republic of","#Us$:5,110"
"#SourceUrl:https://en.wikipedia.org/wiki/List_of_countries_by_GDP_(nominal)_per_capita","#Url:https://en.wikipedia.org/wiki/Belize","#Rank:103","#Country:Belize","#Us$:4,894"
"#SourceUrl:https://en.wikipedia.org/wiki/List_of_countries_by_GDP_(nominal)_per_capita","#Url:https://en.wikipedia.org/wiki/Bosnia_and_Herzegovina","#Rank:104","#Country:Bosnia and Herzegovina","#Us$:4,662"
"#SourceUrl:https://en.wikipedia.org/wiki/List_of_countries_by_GDP_(nominal)_per_capita","#Url:https://en.wikipedia.org/wiki/Jordan","#Rank:105","#Country:Jordan","#Us$:4,618"
"#SourceUrl:https://en.wikipedia.org/wiki/List_of_countries_by_GDP_(nominal)_per_capita","#Url:https://en.wikipedia.org/wiki/Fiji","#Rank:106","#Country:Fiji","#Us$:4,578"
"#SourceUrl:https://en.wikipedia.org/wiki/List_of_countries_by_GDP_(nominal)_per_capita","#Url:https://en.wikipedia.org/wiki/East_Timor","#Rank:107","#Country:East Timor","#Us$:4,362"
"#SourceUrl:https://en.wikipedia.org/wiki/List_of_countries_by_GDP_(nominal)_per_capita","#Url:https://en.wikipedia.org/wiki/Paraguay","#Rank:108","#Country:Paraguay","#Us$:4,294"
"#SourceUrl:https://en.wikipedia.org/wiki/List_of_countries_by_GDP_(nominal)_per_capita","#Url:https://en.wikipedia.org/wiki/Tunisia","#Rank:109","#Country:Tunisia","#Us$:4,263"
"#SourceUrl:https://en.wikipedia.org/wiki/List_of_countries_by_GDP_(nominal)_per_capita","#Url:https://en.wikipedia.org/wiki/Tonga","#Rank:110","#Country:Tonga","#Us$:4,173"
"#SourceUrl:https://en.wikipedia.org/wiki/List_of_countries_by_GDP_(nominal)_per_capita","#Url:https://en.wikipedia.org/wiki/Ukraine","#Rank:111","#Country:Ukraine","#Us$:4,163"
"#SourceUrl:https://en.wikipedia.org/wiki/List_of_countries_by_GDP_(nominal)_per_capita","#Url:https://en.wikipedia.org/wiki/Albania","#Rank:112","#Country:Albania","#Us$:4,066"
"#SourceUrl:https://en.wikipedia.org/wiki/List_of_countries_by_GDP_(nominal)_per_capita","#Url:https://en.wikipedia.org/wiki/Mongolia","#Rank:113","#Country:Mongolia","#Us$:4,056"
"#SourceUrl:https://en.wikipedia.org/wiki/List_of_countries_by_GDP_(nominal)_per_capita","#Url:https://en.wikipedia.org/wiki/Tuvalu","#Rank:114","#Country:Tuvalu","#Us$:3,882"
"#SourceUrl:https://en.wikipedia.org/wiki/List_of_countries_by_GDP_(nominal)_per_capita","#Url:https://en.wikipedia.org/wiki/El_Salvador","#Rank:115","#Country:El Salvador","#Us$:3,826"
"#SourceUrl:https://en.wikipedia.org/wiki/List_of_countries_by_GDP_(nominal)_per_capita","#Url:https://en.wikipedia.org/wiki/Guyana","#Rank:116","#Country:Guyana","#Us$:3,739"
"#SourceUrl:https://en.wikipedia.org/wiki/List_of_countries_by_GDP_(nominal)_per_capita","#Url:https://en.wikipedia.org/wiki/Cape_Verde","#Rank:117","#Country:Cape Verde","#Us$:3,731"
"#SourceUrl:https://en.wikipedia.org/wiki/List_of_countries_by_GDP_(nominal)_per_capita","#Url:https://en.wikipedia.org/wiki/Georgia_(country)","#Rank:118","#Country:Georgia","#Us$:3,715"
"#SourceUrl:https://en.wikipedia.org/wiki/List_of_countries_by_GDP_(nominal)_per_capita","#Url:https://en.wikipedia.org/wiki/Samoa","#Rank:119","#Country:Samoa","#Us$:3,632"
"#SourceUrl:https://en.wikipedia.org/wiki/List_of_countries_by_GDP_(nominal)_per_capita","#Url:https://en.wikipedia.org/wiki/Marshall_Islands","#Rank:120","#Country:Marshall Islands","#Us$:3,586"
"#SourceUrl:https://en.wikipedia.org/wiki/List_of_countries_by_GDP_(nominal)_per_capita","#Url:https://en.wikipedia.org/wiki/Armenia","#Rank:121","#Country:Armenia","#Us$:3,504"
"#SourceUrl:https://en.wikipedia.org/wiki/List_of_countries_by_GDP_(nominal)_per_capita","#Url:https://en.wikipedia.org/wiki/Guatemala","#Rank:122","#Country:Guatemala","#Us$:3,478"
"#SourceUrl:https://en.wikipedia.org/wiki/List_of_countries_by_GDP_(nominal)_per_capita","#Url:https://en.wikipedia.org/wiki/Indonesia","#Rank:123","#Country:Indonesia","#Us$:3,475"
"#SourceUrl:https://en.wikipedia.org/wiki/List_of_countries_by_GDP_(nominal)_per_capita","#Url:https://en.wikipedia.org/wiki/Federated_States_of_Micronesia","#Rank:124","#Country:Micronesia, Federated States of","#Us$:3,216"
"#SourceUrl:https://en.wikipedia.org/wiki/List_of_countries_by_GDP_(nominal)_per_capita","#Url:https://en.wikipedia.org/wiki/Vanuatu","#Rank:125","#Country:Vanuatu","#Us$:3,165"
"#SourceUrl:https://en.wikipedia.org/wiki/List_of_countries_by_GDP_(nominal)_per_capita","#Url:https://en.wikipedia.org/wiki/Sri_Lanka","#Rank:126","#Country:Sri Lanka","#Us$:3,159"
"#SourceUrl:https://en.wikipedia.org/wiki/List_of_countries_by_GDP_(nominal)_per_capita","#Url:https://en.wikipedia.org/wiki/Republic_of_the_Congo","#Rank:127","#Country:Congo, Republic of the","#Us$:3,153"
"#SourceUrl:https://en.wikipedia.org/wiki/List_of_countries_by_GDP_(nominal)_per_capita","#Url:https://en.wikipedia.org/wiki/Morocco","#Rank:128","#Country:Morocco","#Us$:3,146"
"#SourceUrl:https://en.wikipedia.org/wiki/List_of_countries_by_GDP_(nominal)_per_capita","#Url:https://en.wikipedia.org/wiki/Egypt","#Rank:129","#Country:Egypt","#Us$:3,110"
"#SourceUrl:https://en.wikipedia.org/wiki/List_of_countries_by_GDP_(nominal)_per_capita","#Url:https://en.wikipedia.org/wiki/Kosovo","#Rank:—","#Country:Kosovo","#Us$:2,972"
"#SourceUrl:https://en.wikipedia.org/wiki/List_of_countries_by_GDP_(nominal)_per_capita","#Url:https://en.wikipedia.org/wiki/Nigeria","#Rank:130","#Country:Nigeria","#Us$:2,966"
"#SourceUrl:https://en.wikipedia.org/wiki/List_of_countries_by_GDP_(nominal)_per_capita","#Url:https://en.wikipedia.org/wiki/State_of_Palestine","#Rank:131","#Country:Palestine, State of","#Us$:2,908"
"#SourceUrl:https://en.wikipedia.org/wiki/List_of_countries_by_GDP_(nominal)_per_capita","#Url:https://en.wikipedia.org/wiki/Bolivia","#Rank:132","#Country:Bolivia","#Us$:2,868"
"#SourceUrl:https://en.wikipedia.org/wiki/List_of_countries_by_GDP_(nominal)_per_capita","#Url:https://en.wikipedia.org/wiki/Swaziland","#Rank:133","#Country:Swaziland","#Us$:2,819"
"#SourceUrl:https://en.wikipedia.org/wiki/List_of_countries_by_GDP_(nominal)_per_capita","#Url:https://en.wikipedia.org/wiki/Philippines","#Rank:134","#Country:Philippines","#Us$:2,765"
"#SourceUrl:https://en.wikipedia.org/wiki/List_of_countries_by_GDP_(nominal)_per_capita","#Url:https://en.wikipedia.org/wiki/Bhutan","#Rank:135","#Country:Bhutan","#Us$:2,363"
"#SourceUrl:https://en.wikipedia.org/wiki/List_of_countries_by_GDP_(nominal)_per_capita","#Url:https://en.wikipedia.org/wiki/Honduras","#Rank:136","#Country:Honduras","#Us$:2,293"
"#SourceUrl:https://en.wikipedia.org/wiki/List_of_countries_by_GDP_(nominal)_per_capita","#Url:https://en.wikipedia.org/wiki/Moldova","#Rank:137","#Country:Moldova","#Us$:2,285"
"#SourceUrl:https://en.wikipedia.org/wiki/List_of_countries_by_GDP_(nominal)_per_capita","#Url:https://en.wikipedia.org/wiki/Papua_New_Guinea","#Rank:138","#Country:Papua New Guinea","#Us$:2,106"
"#SourceUrl:https://en.wikipedia.org/wiki/List_of_countries_by_GDP_(nominal)_per_capita","#Url:https://en.wikipedia.org/wiki/Uzbekistan","#Rank:139","#Country:Uzbekistan","#Us$:1,977"
"#SourceUrl:https://en.wikipedia.org/wiki/List_of_countries_by_GDP_(nominal)_per_capita","#Url:https://en.wikipedia.org/wiki/Solomon_Islands","#Rank:140","#Country:Solomon Islands","#Us$:1,912"
"#SourceUrl:https://en.wikipedia.org/wiki/List_of_countries_by_GDP_(nominal)_per_capita","#Url:https://en.wikipedia.org/wiki/Vietnam","#Rank:141","#Country:Vietnam","#Us$:1,868"
"#SourceUrl:https://en.wikipedia.org/wiki/List_of_countries_by_GDP_(nominal)_per_capita","#Url:https://en.wikipedia.org/wiki/Nicaragua","#Rank:142","#Country:Nicaragua","#Us$:1,851"
"#SourceUrl:https://en.wikipedia.org/wiki/List_of_countries_by_GDP_(nominal)_per_capita","#Url:https://en.wikipedia.org/wiki/Ghana","#Rank:143","#Country:Ghana","#Us$:1,846"
"#SourceUrl:https://en.wikipedia.org/wiki/List_of_countries_by_GDP_(nominal)_per_capita","#Url:https://en.wikipedia.org/wiki/S%C3%A3o_Tom%C3%A9_and_Pr%C3%ADncipe","#Rank:144","#Country:São Tomé and Príncipe","#Us$:1,770"
"#SourceUrl:https://en.wikipedia.org/wiki/List_of_countries_by_GDP_(nominal)_per_capita","#Url:https://en.wikipedia.org/wiki/Kiribati","#Rank:145","#Country:Kiribati","#Us$:1,705"
"#SourceUrl:https://en.wikipedia.org/wiki/List_of_countries_by_GDP_(nominal)_per_capita","#Url:https://en.wikipedia.org/wiki/Djibouti","#Rank:146","#Country:Djibouti","#Us$:1,668"
"#SourceUrl:https://en.wikipedia.org/wiki/List_of_countries_by_GDP_(nominal)_per_capita","#Url:https://en.wikipedia.org/wiki/Syria","#Rank:147","#Country:Syria","#Us$:1,606"
"#SourceUrl:https://en.wikipedia.org/wiki/List_of_countries_by_GDP_(nominal)_per_capita","#Url:https://en.wikipedia.org/wiki/Laos","#Rank:148","#Country:Laos","#Us$:1,589"
"#SourceUrl:https://en.wikipedia.org/wiki/List_of_countries_by_GDP_(nominal)_per_capita","#Url:https://en.wikipedia.org/wiki/India","#Rank:149","#Country:India","#Us$:1,548"
"#SourceUrl:https://en.wikipedia.org/wiki/List_of_countries_by_GDP_(nominal)_per_capita","#Url:https://en.wikipedia.org/wiki/Zambia","#Rank:150","#Country:Zambia","#Us$:1,540"
"#SourceUrl:https://en.wikipedia.org/wiki/List_of_countries_by_GDP_(nominal)_per_capita","#Url:https://en.wikipedia.org/wiki/Sudan","#Rank:151","#Country:Sudan","#Us$:1,438"
"#SourceUrl:https://en.wikipedia.org/wiki/List_of_countries_by_GDP_(nominal)_per_capita","#Url:https://en.wikipedia.org/wiki/Yemen","#Rank:152","#Country:Yemen","#Us$:1,422"
"#SourceUrl:https://en.wikipedia.org/wiki/List_of_countries_by_GDP_(nominal)_per_capita","#Url:https://en.wikipedia.org/wiki/Mauritania","#Rank:153","#Country:Mauritania","#Us$:1,418"
"#SourceUrl:https://en.wikipedia.org/wiki/List_of_countries_by_GDP_(nominal)_per_capita","#Url:https://en.wikipedia.org/wiki/Ivory_Coast","#Rank:154","#Country:Côte d'Ivoire","#Us$:1,407"
"#SourceUrl:https://en.wikipedia.org/wiki/List_of_countries_by_GDP_(nominal)_per_capita","#Url:https://en.wikipedia.org/wiki/Cameroon","#Rank:155","#Country:Cameroon","#Us$:1,329"
"#SourceUrl:https://en.wikipedia.org/wiki/List_of_countries_by_GDP_(nominal)_per_capita","#Url:https://en.wikipedia.org/wiki/Kyrgyzstan","#Rank:156","#Country:Kyrgyzstan","#Us$:1,303"
"#SourceUrl:https://en.wikipedia.org/wiki/List_of_countries_by_GDP_(nominal)_per_capita","#Url:https://en.wikipedia.org/wiki/Pakistan","#Rank:157","#Country:Pakistan","#Us$:1,238"
"#SourceUrl:https://en.wikipedia.org/wiki/List_of_countries_by_GDP_(nominal)_per_capita","#Url:https://en.wikipedia.org/wiki/Kenya","#Rank:158","#Country:Kenya","#Us$:1,227"
"#SourceUrl:https://en.wikipedia.org/wiki/List_of_countries_by_GDP_(nominal)_per_capita","#Url:https://en.wikipedia.org/wiki/Myanmar","#Rank:159","#Country:Burma","#Us$:1,183"
"#SourceUrl:https://en.wikipedia.org/wiki/List_of_countries_by_GDP_(nominal)_per_capita","#Url:https://en.wikipedia.org/wiki/Lesotho","#Rank:160","#Country:Lesotho","#Us$:1,075"
"#SourceUrl:https://en.wikipedia.org/wiki/List_of_countries_by_GDP_(nominal)_per_capita","#Url:https://en.wikipedia.org/wiki/Senegal","#Rank:161","#Country:Senegal","#Us$:1,072"
"#SourceUrl:https://en.wikipedia.org/wiki/List_of_countries_by_GDP_(nominal)_per_capita","#Url:https://en.wikipedia.org/wiki/South_Sudan","#Rank:162","#Country:South Sudan","#Us$:1,045"
"#SourceUrl:https://en.wikipedia.org/wiki/List_of_countries_by_GDP_(nominal)_per_capita","#Url:https://en.wikipedia.org/wiki/Tajikistan","#Rank:163","#Country:Tajikistan","#Us$:1,036"
"#SourceUrl:https://en.wikipedia.org/wiki/List_of_countries_by_GDP_(nominal)_per_capita","#Url:https://en.wikipedia.org/wiki/Cambodia","#Rank:164","#Country:Cambodia","#Us$:1,008"
"#SourceUrl:https://en.wikipedia.org/wiki/List_of_countries_by_GDP_(nominal)_per_capita","#Url:https://en.wikipedia.org/wiki/Bangladesh","#Rank:165","#Country:Bangladesh","#Us$:980"
"#SourceUrl:https://en.wikipedia.org/wiki/List_of_countries_by_GDP_(nominal)_per_capita","#Url:https://en.wikipedia.org/wiki/Zimbabwe","#Rank:166","#Country:Zimbabwe","#Us$:953"
"#SourceUrl:https://en.wikipedia.org/wiki/List_of_countries_by_GDP_(nominal)_per_capita","#Url:https://en.wikipedia.org/wiki/Tanzania","#Rank:167","#Country:Tanzania","#Us$:933"
"#SourceUrl:https://en.wikipedia.org/wiki/List_of_countries_by_GDP_(nominal)_per_capita","#Url:https://en.wikipedia.org/wiki/Comoros","#Rank:168","#Country:Comoros","#Us$:846"
"#SourceUrl:https://en.wikipedia.org/wiki/List_of_countries_by_GDP_(nominal)_per_capita","#Url:https://en.wikipedia.org/wiki/Chad","#Rank:169","#Country:Chad","#Us$:816"
"#SourceUrl:https://en.wikipedia.org/wiki/List_of_countries_by_GDP_(nominal)_per_capita","#Url:https://en.wikipedia.org/wiki/Sierra_Leone","#Rank:170","#Country:Sierra Leone","#Us$:809"
"#SourceUrl:https://en.wikipedia.org/wiki/List_of_countries_by_GDP_(nominal)_per_capita","#Url:https://en.wikipedia.org/wiki/Benin","#Rank:171","#Country:Benin","#Us$:805"
"#SourceUrl:https://en.wikipedia.org/wiki/List_of_countries_by_GDP_(nominal)_per_capita","#Url:https://en.wikipedia.org/wiki/Haiti","#Rank:172","#Country:Haiti","#Us$:745"
"#SourceUrl:https://en.wikipedia.org/wiki/List_of_countries_by_GDP_(nominal)_per_capita","#Url:https://en.wikipedia.org/wiki/Burkina_Faso","#Rank:173","#Country:Burkina Faso","#Us$:741"
"#SourceUrl:https://en.wikipedia.org/wiki/List_of_countries_by_GDP_(nominal)_per_capita","#Url:https://en.wikipedia.org/wiki/Mali","#Rank:174","#Country:Mali","#Us$:715"
"#SourceUrl:https://en.wikipedia.org/wiki/List_of_countries_by_GDP_(nominal)_per_capita","#Url:https://en.wikipedia.org/wiki/Afghanistan","#Rank:175","#Country:Afghanistan","#Us$:708"
"#SourceUrl:https://en.wikipedia.org/wiki/List_of_countries_by_GDP_(nominal)_per_capita","#Url:https://en.wikipedia.org/wiki/Uganda","#Rank:176","#Country:Uganda","#Us$:704"
"#SourceUrl:https://en.wikipedia.org/wiki/List_of_countries_by_GDP_(nominal)_per_capita","#Url:https://en.wikipedia.org/wiki/Nepal","#Rank:177","#Country:Nepal","#Us$:654"
"#SourceUrl:https://en.wikipedia.org/wiki/List_of_countries_by_GDP_(nominal)_per_capita","#Url:https://en.wikipedia.org/wiki/Rwanda","#Rank:178","#Country:Rwanda","#Us$:645"
"#SourceUrl:https://en.wikipedia.org/wiki/List_of_countries_by_GDP_(nominal)_per_capita","#Url:https://en.wikipedia.org/wiki/North_Korea","#Rank:179","#Country:Korea, North","#Us$:621"
"#SourceUrl:https://en.wikipedia.org/wiki/List_of_countries_by_GDP_(nominal)_per_capita","#Url:https://en.wikipedia.org/wiki/Guinea","#Rank:180","#Country:Guinea","#Us$:615"
"#SourceUrl:https://en.wikipedia.org/wiki/List_of_countries_by_GDP_(nominal)_per_capita","#Url:https://en.wikipedia.org/wiki/Togo","#Rank:181","#Country:Togo","#Us$:610"
"#SourceUrl:https://en.wikipedia.org/wiki/List_of_countries_by_GDP_(nominal)_per_capita","#Url:https://en.wikipedia.org/wiki/Guinea-Bissau","#Rank:182","#Country:Guinea-Bissau","#Us$:608"
"#SourceUrl:https://en.wikipedia.org/wiki/List_of_countries_by_GDP_(nominal)_per_capita","#Url:https://en.wikipedia.org/wiki/Mozambique","#Rank:183","#Country:Mozambique","#Us$:605"
"#SourceUrl:https://en.wikipedia.org/wiki/List_of_countries_by_GDP_(nominal)_per_capita","#Url:https://en.wikipedia.org/wiki/Eritrea","#Rank:184","#Country:Eritrea","#Us$:543"
"#SourceUrl:https://en.wikipedia.org/wiki/List_of_countries_by_GDP_(nominal)_per_capita","#Url:https://en.wikipedia.org/wiki/Ethiopia","#Rank:185","#Country:Ethiopia","#Us$:489"
"#SourceUrl:https://en.wikipedia.org/wiki/List_of_countries_by_GDP_(nominal)_per_capita","#Url:https://en.wikipedia.org/wiki/The_Gambia","#Rank:186","#Country:Gambia, The","#Us$:488"
"#SourceUrl:https://en.wikipedia.org/wiki/List_of_countries_by_GDP_(nominal)_per_capita","#Url:https://en.wikipedia.org/wiki/Democratic_Republic_of_the_Congo","#Rank:187","#Country:Congo, Democratic Republic of the","#Us$:484"
"#SourceUrl:https://en.wikipedia.org/wiki/List_of_countries_by_GDP_(nominal)_per_capita","#Url:https://en.wikipedia.org/wiki/Madagascar","#Rank:188","#Country:Madagascar","#Us$:463"
"#SourceUrl:https://en.wikipedia.org/wiki/List_of_countries_by_GDP_(nominal)_per_capita","#Url:https://en.wikipedia.org/wiki/Liberia","#Rank:189","#Country:Liberia","#Us$:453"
"#SourceUrl:https://en.wikipedia.org/wiki/List_of_countries_by_GDP_(nominal)_per_capita","#Url:https://en.wikipedia.org/wiki/Niger","#Rank:190","#Country:Niger","#Us$:415"
"#SourceUrl:https://en.wikipedia.org/wiki/List_of_countries_by_GDP_(nominal)_per_capita","#Url:https://en.wikipedia.org/wiki/Central_African_Republic","#Rank:191","#Country:Central African Republic","#Us$:343"
"#SourceUrl:https://en.wikipedia.org/wiki/List_of_countries_by_GDP_(nominal)_per_capita","#Url:https://en.wikipedia.org/wiki/Malawi","#Rank:192","#Country:Malawi","#Us$:315"
"#SourceUrl:https://en.wikipedia.org/wiki/List_of_countries_by_GDP_(nominal)_per_capita","#Url:https://en.wikipedia.org/wiki/Burundi","#Rank:193","#Country:Burundi","#Us$:251"
"#SourceUrl:https://en.wikipedia.org/wiki/List_of_countries_by_GDP_(nominal)_per_capita","#Url:https://en.wikipedia.org/wiki/Somalia","#Rank:194","#Country:Somalia","#Us$:133"
